it,method,nb,voc,mean_len,metric,cl,prep_time,time,ARI
1,Sequenzo,5000,21,980.6984,1236,OM,4,228.70199608802795,55.63816809654236,
